"","mean","sd","min","max","median"
"washer to dryer.b",1734.32887367336,1261.10180489487,19.3261431930375,7510.35670390874,1514.91476523966
"hand to face touch.b",1734.32887367336,1261.10180489487,19.3261431930375,7510.35670390874,1514.91476523966
"washer to dryer.i",0.151053730197903,0.109837375529133,0.00168323670554132,0.654124723668707,0.131943560241061
"hand to face touch.i",0.151053730197903,0.109837375529133,0.00168323670554132,0.654124723668707,0.131943560241061
