"","mean","sd","min","max","median"
"washer to dryer.b",65.3883562056678,73.4617009614577,0.0149028730361616,726.896835301582,40.2902687069638
"hand to face touch.b",62.2829614879426,69.9871529707197,0.0142776585121235,715.259100579977,38.3722306991038
"washer to dryer.i",0.00569508774622154,0.00639824667936712,1.2979859800235e-06,0.0633100677201979,0.00350913570733123
"hand to face touch.i",0.00542461917306348,0.00609562620021833,1.24353207138861e-06,0.0622964633989894,0.00334208158043143
