"","mean","sd","min","max","median"
"washer to dryer.b",0,0,0,0,0
"hand to face touch.b",1516.10552949797,1995.60823411736,0.027872798794752,27367.4267609331,807.836932248677
"washer to dryer.i",0,0,0,0,0
"hand to face touch.i",0.132047271472382,0.173810211173277,2.42761929004007e-06,2.38360322595624,0.0703596554610414
