"microorganism","event","variable","mean","sd","min","max","median"
"Influenza A","Hand to face touch","Conc.l",5238639.53979288,594037300.587049,8.28361816290747e-11,104335732748.96,1.36419991123318
"Influenza A","hamper to washer","Conc.l",5238639.53979288,594037300.587049,8.28361816290747e-11,104335732748.96,1.36419991123318
