"microorganism","event","variable","mean","sd","min","max","median"
"Influenza A","Hand to face touch","Conc.h",274936.659708229,42711276.0109024,2.97830262788497e-13,9207967860.60933,0.0365180529739163
"Influenza A","hamper to washer","Conc.h",296167.228144661,46046194.7006955,3.25905608789223e-13,9930658898.0013,0.0390766907083865
