"microorganism","event","variable","mean","sd","min","max","median"
"E.coli","Hand to face touch","Conc.l",3153.94476614497,2292.75378798509,35.1622569288101,13647.3681833331,2755.55712667141
"E.coli","hamper to waser","Conc.l",3153.94476614497,2292.75378798509,35.1622569288101,13647.3681833331,2755.55712667141
"E.faecium","Hand to face touch","Conc.l",3.16641960118831,2.28632106899131,0.0322527857379126,13.8023469160049,2.76854912309708
"E.faecium","hamper to waser","Conc.l",3.16641960118831,2.28632106899131,0.0322527857379126,13.8023469160049,2.76854912309708
"Influenza A","Hand to face touch","Conc.l",5238639.53979288,594037300.587049,8.28361816290747e-11,104335732748.96,1.36419991123318
"Influenza A","hamper to waser","Conc.l",5238639.53979288,594037300.587049,8.28361816290747e-11,104335732748.96,1.36419991123318
