"microorganism","event","variable","mean","sd","min","max","median"
"E.coli","Hand to face touch","Conc.h",690.753351681532,750.726165514836,0.0837409646343975,7023.49110716529,442.94449872605
"E.coli","hamper to waser","Conc.h",710.246085948593,771.811101958869,0.0871832877773646,7041.16910243459,455.297608233018
"E.faecium","Hand to face touch","Conc.h",0.682764861679414,0.735775772879695,0.000106045799949393,7.83380885955,0.442240449278837
"E.faecium","hamper to waser","Conc.h",0.714298060349965,0.769665889149405,0.000110107728105467,8.12645026113203,0.462748011398437
"Influenza A","Hand to face touch","Conc.h",274936.659708229,42711276.0109024,2.97830262788497e-13,9207967860.60933,0.0365180529739163
"Influenza A","hamper to waser","Conc.h",296167.228144661,46046194.7006955,3.25905608789223e-13,9930658898.0013,0.0390766907083865
